gcgcgggtcggctgcggt,0.7755019822722325
aattgggaggcccgagca,0.8265845213845011
cggcgtcgagcagccaga,0.7012751005314718
agcacgggccattcggga,0.8708487344351881
tcgcctcgagcacaccac,0.3951003692190481
atacttcaggaggagctt,0.3765466663135865
tttgggaacgtggagctt,0.8879562045642808
gtggtgtcatcaggtagg,0.44126501714828703
agcacgctattatcatca,0.47030541560286787
catagaccgatggcgcgg,0.1869590009036489
gcgaatgtcctaatccgg,0.37194459186472356
gcgcggaagccaggccat,0.9328001679223312
ccacgcaattggatatac,0.7639966788315308
gactcgaaagaagatcaa,0.18926397717006302
gtcggctcatcaggattg,0.8787744700823154
ctgtgggaggccagtaaa,0.199397614354109
ccacgccaggagcctcta,0.2898657237392386
cttgaaatagcgtcatca,0.5696837246957637
ccacgcctaggtcgaaag,0.3368765026636271
aaagaagtggtgaagcca,0.16385739251801743
attagttgcggttgcggt,0.6573839941472515
gaaggggtttcaaattgg,0.7141877254448991
gctcccaattggccgatg,0.8474647093644968
atccggtcgcctatccgg,0.43272872984179583
ctcaatgcgcggcttgaa,0.7062710803916642
gccagaatgaagcgttat,0.16774268947820742
gccgtttggcagagtctg,0.6665199936000915
gccagacgttatcggcgt,0.2789649351157228
caaccgggattgttcttg,0.17343017069018019
atagcgaaagaatgctaa,0.233670645177404
gctgaggagtgatggcag,0.6059589480989418
catagaggccatagatgt,0.19066017271426278
caaccgctcaatccgtaa,0.8018129625269915
tctagcgccagagagtga,0.1775203853843078
cttacggaaatacaagtc,0.7934268031515609
tttgggcaggagcggtcc,0.9068135527725449
gccagatctagctcgcct,0.18565324804551175
cgttatcgaaagggattg,0.7200073822224465
ccacgcgcgcgggagctt,0.25845705473353614
gatcaactattatccaag,0.20850036804714178
cgagcacgcatatctagc,0.7015238144662647
tgtgtatttgggaacgtg,0.6945501669269782
gagtgatatttcttcgca,0.3023813699319643
ttaagaccacgcatgaag,0.2015681924821773
aacagcgcttgtgcgaat,0.6702179305935902
cgttatagacccggtagg,0.11232300597366195
aggttagaggccttcttg,0.359647744608925
tcagtgaacgtgaaagaa,0.8013451952782765
gccagaagtaaaaacagc,0.21068550541404832
gatcaaatgaaggctccc,0.6825096416440407
ttcgcattaagagctccc,0.6158704621393223
ctattacaaccgtgttcg,0.15059427271904835
atacttttggatacggac,0.5665863839314318
actgcaagatgtcaggag,0.6950490013929209
caaccgagtaaataatag,0.7392915750921357
taccgatatttcattagt,0.6108916380961352
atagcgagatgtgcgcgg,0.22840438214051317
tgttcgtcatcacaggag,0.7086614097022954
ccacgctcatcaactgca,0.13574843067651532
gtttcaggtaggaattgg,0.5172138224354194
atccggagtctgcaggag,0.5284605320738103
cgaaagagtaaacaggag,0.6301907335973614
atgaaggaaatacagact,0.08795844904727164
ttgctcatccggatatac,0.810101619275559
agtctgggtaggagtctg,0.6187167828862187
tttgggcgcataggtagg,0.1986341916376165
ctattacaggaggactcg,0.2124420295122056
tgtgtaagacccatactt,0.24699980138943378
gcgaatcaaccggccgtt,0.28257575196057755
gatcaagagcttcataga,0.11618558118355835
acccaacatagagcttgt,0.14389311779225086
tgcggtagcacgccacgc,0.19827494116434063
tgctaaaagtatctcaat,0.27820283081810526
gtggtgaagccaattagt,0.21481126296316547
accttcagacccaccttc,0.1726491179121289
cagactagtaaagcgaat,0.29016957784140573
cggcgtatacttgaggcc,0.20407904890234912
actgcatcagtggtggtg,0.5863087963714589
taagctctattatcatca,0.1639805184352493
ttcttgacaagggcgcgg,0.8072429762025106
accttcactgcaatgaag,0.2667663396825133
agtctgccacgctgagac,0.14723576692332271
atgaagtgtgtatggcag,0.3417249419656227
cggcgtatactttgagac,0.18180346222491495
ttcttgggattgttcgca,0.5508319774551014
acaaggtaagctgtcggc,0.6863158569580526
tatttccgttatggattg,0.2423949522616311
ggccatatccgggactcg,0.17850504353186206
gagtgaagtaaaggattg,0.5963294981464242
ctgtggtgttcgttgctc,0.126475631547743
cggcgttggcagcgttat,0.15832675684908712
atataccaccacgtggtg,0.31533836485227396
gagcttttcttgtgtgta,0.20255351308487266
ggattgttgctcgggatc,0.1850696059373644
ttggattgttcgatgaag,0.6289523144479486
gaagggaaagaatgtgta,0.5609108005140175
cggtccaagccaacggac,0.1314861460897996
agatgtggtaggaagcca,0.5753618073108212
tgcggtcgagcagatcaa,0.2258273858879632
agacccatagcggggatc,0.4589761092434071
tagaggcaaccgccacgc,0.17511523418747582
tctagcgctccccaaccg,0.49734097474560157
caggagcaaccgtgcggt,0.18407189037489635
cagactggccatcaccac,0.5331978354623541
ggccataacagcgtttca,0.4598239447378703
ttcttgaagtatggtagg,0.21387850475835493
tatttcagatgtcaagtc,0.2315816622377839
tcgggatctagccagact,0.14903249400369104
cttgaaacaaggtcatca,0.10150663464921166
atatacattagtagtaaa,0.16531431581936898
tgcggttgtgtaccgtaa,0.4692556094144868
gtacagtgcggttgagac,0.1832335352510024
tggcaggctccctcagtg,0.2872523052591277
gtcctattggatgagctt,0.1902395661123419
gccagaaagccagtggtg,0.47238590989218643
cagactatgaagatagcg,0.24604248171909174
cgttatcaagtcaagcca,0.21989769806836162
tgagacaccttccgcata,0.4738956154381589
acaaggctaggttatttc,0.07905247259857386
gccgttgagcttcataga,0.18595725078851458
gcttgtgtggtgtttggg,0.6026100679055556
tcagtgtaagcttcatca,0.14766780018301084
ggtaggattagtcaagtc,0.19477501050347035
gctgaggtttcaatatac,0.3803919211572089
gttaacctgtggtcggga,0.2161419271358754
ggattgtatttcagtctg,0.6518090312231172
cactgtgggatctgctaa,0.15625507529597338
ttaagatatttctaccga,0.15492638038404832
tgcggttagaggattagt,0.1871964047349347
agcacgcagactgctccc,0.6946617345263217
caagtccggtccctatta,0.17527472091318888
ggccatgctgagaacagc,0.5532520565259685
gaaatagtggtgcggtcc,0.48853213466408746
caccacatgaagtatttc,0.6314182405058764
ttggattctagcgctgag,0.22977644539142394
ttggatctgtgggtcggc,0.44895830617407934
gctgaggggatcggtagg,0.12813964200522993
cgagcaagtctgcgttat,0.37523634604555595
ttcttgatccggcaagtc,0.23402456867014673
gaagggaccttccactgt,0.15034726492294084
gactcgatacttttcgca,0.5135969353957878
gtggtgggattgtaagct,0.5251524194338827
ttcgcatccaagagtctg,0.15524260823259836
gtcctaaattggagtctg,0.42806239600542384
gtttcaatgaagatagcg,0.7362116352803575
ccacgcactgcaactgca,0.2054270557968854
gaagggcactgtctcaat,0.26304812269412325
gcgcgggtcctagaaata,0.18643096073577894
aggttagtttcactgtgg,0.24893147813059555
gcttgtaagccaccacgc,0.5920775187637779
aattggatatacggtagg,0.1520063011885943
ggtaggggccattaatag,0.15137201297810624
cagactgtttcagatcaa,0.5490996306305881
ttgctcagatgtgctgag,0.07863904192439922
atccgggagtgacttacg,0.13223818981791566
agacccaagccaggattg,0.5588842706487679
cagactctgtggggtagg,0.18833491775423675
gaggccactgcaaattgg,0.7104416630923803
tgtgtaattagtaaagaa,0.16284049868407588
cctctagggatcaccttc,0.14114582206535953
gggatcgggatccgaaag,0.1798219123510171
caagtctgtgtaggattg,0.18327235445744375
acccaaagatgtatccgg,0.14147052637078636
agacccagtaaaaattgg,0.16190343918610908
gaagggcgcatataagct,0.15585790448339504
taccgaaaagaacgcata,0.15739378172689544
atgaagtgttcgctgtgg,0.29503673923895407
cggcgtgtacagaggtta,0.14800846099272585
cgttatgaggccggacga,0.08652707877654711
ccacgcggacgacagact,0.15742848688252914
tgctaaacaaggcggtcc,0.1486608292599896
tcagtgcggtccggtagg,0.06833224811863385
cactgtgagcttatccgg,0.15207391271237417
tagaggatccggagaccc,0.1626726094648383
aagccaatacttgccaga,0.3488422763970506
gcgaataccttcatagcg,0.1418848607134121
tgttcgcttgaattgctc,0.16398452383322853
ctgtggtaatagtggcag,0.07995677367733897
acggacatccggtgcggt,0.4523174308162699
tagagggcttgtgtccta,0.13393742133122397
ttggatggccatatccgg,0.32838899325970156
tccaagttggattatttc,0.14821985969386556
cttacggtggtgactgca,0.10841773536584927
gagctttgcggttaagct,0.12710332046860198
ccacgcccgatgcggcgt,0.12706318505076059
tgagaccaaccgtaccga,0.18339417144434572
cactgtggtgcttcatca,0.3647937787445043
gaagggtgctaaaacgtg,0.1484769527037568
acccaaaacgtgacccaa,0.13958779563804463
tcgggataagctgatcaa,0.4291511184414159
gatcaatagagggatcaa,0.5015691813005925
atactttcatcaagtaaa,0.1374063391738084
aagccatatttctcagtg,0.13551258297172336
aattggtgaattcaagtc,0.26236551261714763
cactgtgtcctacaaccg,0.1509045740881065
cgcatagcttgtgagtga,0.097723059720702
cagactgccagaacggac,0.3872194052577789
gtcctacttgaacgcata,0.17374415465284035
ggtaggacccaaaacgtg,0.21743463386140952
tggcagtggcagacggac,0.15703443516352225
acggacctgtggtgttcg,0.4193036267344078
tagaggaccttcaccttc,0.14354993479577427
tccaagaagccacaccac,0.5216016088342832
cgaaagagatgtgtccta,0.1639913260120976
ggccatccgtaaacggac,0.3991987133499825
atacttcggcgtgaaata,0.12151920523711925
ggccatcaaccggaaggg,0.1289244346777785
caaccggaaatacaggag,0.17145825035759044
tgtgtatgctaaaccttc,0.2749336551202146
ggccatgtggtgtgtgta,0.1399600613110473
gtggtgtgttcgttaaga,0.24084221010269516
cagactttgctcttgctc,0.10675087236123326
aagccagagctttaatag,0.17458926639264338
taagcttcagtgagaccc,0.17561375044624794
cctctaggattgcataga,0.091996067201729
ccgatgcaaccgtgctaa,0.11394066552444038
acccaatggcagtaagct,0.18111848198022656
caggagcactgttcatca,0.024277643900994322
gaaataccgatgcataga,0.2575613427906017
tcgggacaaccggctgag,0.13423888532986192
gctgagtgtgtacagact,0.17038178543433474
agcacgttggatttcgca,0.21282000612824928
cctctaaggttactgtgg,0.14593567825865156
attagttagaggattagt,0.14082177482475372
gtcctaacccaagctccc,0.28212845100471856
cgagcaggtgctatagcg,0.058242091397759585
gccgttgaaggggagctt,0.18046542542744728
tagaggccgatgtgtgta,0.1646127054233765
tagaggttcttgggtgct,0.2328944913768074
tctagcttcttgtggcag,0.21973630937359284
gaggccgcgaatcttgaa,0.16241992961881122
gccgttcgaaagtcgcct,0.24697823289329998
gcgcggggacgaggccat,0.0723771495905364
accttcactgcataatag,0.42129816215202737
ccgatggtcctagtttca,0.2901519431095075
agcacggctgagctcaat,0.179974863908776
tgcggtcagactaaagaa,0.21353010676524922
gggatcaagccaggacga,0.0947696439792593
ttaagatatttccttacg,0.16191626112753796
gtttcatgagaccaggag,0.13091592223745968
atactttgcggtatgaag,0.164888339467348
tcatcaagtctgaattgg,0.12994389656987868
ctaggtccacgcttaaga,0.10839554224988786
ggacgattggattaagct,0.1287227099909132
tggcagttcgcaacggac,0.13171525884523513
ttcttgctcaatttaaga,0.2899773679195539
ccacgcccacgcccgtaa,0.0
gactcgatatacgaggcc,0.2569306538851494
tgaattagcacgcataga,0.1568615620223972
cgagcagccagattcgca,0.09259392060739488
agcacgttcttggtcggc,0.08840878362510306
aggttagccagagccaga,0.04047460993026398
tatttccggcgtaaagaa,0.1279609354721802
cggtccttaagacataga,0.134706095168623
ttcgcacggcgtactgca,0.444258465997226
ggacgatatttctaagct,0.15761403073411914
gtggtgcagactcggtcc,0.16231357340061434
ctaggtcgcatatcgcct,0.10987704203163617
acaaggaacgtgggattg,0.06405345624281135
ttcttgaccttccgttat,0.14443924193653146
ctaggtcctctaagtctg,0.24694291638662721
ctaggtgagtgaaagtat,0.11965854815102928
gcttgttcgggatatttc,0.12174903215915338
cactgtatccggcgagca,0.11404328614438677
gaggccgcgcggctatta,0.029643153241796182
acggacaattggcagact,0.1233821015317978
atacttcttacgcagact,0.02977532181698261
gactcgactgcacgcata,0.11050065694076397
tgagacctgtgggctccc,0.1812900673735113
cggcgttagagggctccc,0.1165636919335069
agtctgcaggagcggtcc,0.12073999040316975
agatgtgaagggccacgc,0.33315740859147025
gaggccgttaacagtaaa,0.17283855926614744
aggttatgcggtgctccc,0.06917931687642173
gtacagtaataggtacag,0.13712843498630628
gtggtgactgcacgagca,0.20180767970673408
cctctagcgcggtagagg,0.14256364118409415
atgaagattagtgagtga,0.12071248766784365
tccaagtaagctagatgt,0.193753531698159
atatactcatcacttacg,0.311021977700771
atacttcagacttcagtg,0.10457625414299038
tggcagcggtccatatac,0.06366096988377512
gaggccggtaggtctagc,0.13800292045690216
catagaggtaggatccgg,0.101415175591094
ctcaatcatagattgctc,0.1307418329413617
gcgaatggacgatcagtg,0.12147411484714343
gagcttttgctcgtggtg,0.15817344674597128
atagcgtgttcgcgcata,0.03311306225437222
ctaggtctcaatcgaaag,0.2902460232899442
tcagtgaattgggaaggg,0.17683504868463268
cgcataccgtaattcgca,0.1695806495967349
acccaaagcacgttggat,0.014167069152162762
atacttgttaacaacgtg,0.12394962317273185
gactcgtatttccgaaag,0.18234282086033932
ggtgctagatgtgtcggc,0.12833585802851613
tcgggagaagggccacgc,0.1690571618529853
tgagactcgccttgagac,0.0021249266406532462
tagaggagtaaaaacgtg,0.1134521165348264
tgtgtagtttcaagtaaa,0.1373279637114679
atacttacccaacaagtc,0.1118381953616432
gctgaggagtgaaacgtg,0.18842795349922192
gtcggcttaagaacaagg,0.19433047769118048
tgaattgggatcacccaa,0.11208626377894387
gggatcgactcgatccgg,0.09961163792024008
ttcttgacccaagagtga,0.13653819369398407
aacgtgagcacgcaccac,0.1390491790751382
tttgggtatttctttggg,0.07432636182371069
acggactcgggagaaata,0.09793153443891488
ggccataacgtgacggac,0.03355045545118662
atagcgtgtgtacggcgt,0.19496354435153948
aacagcgttaacgggatc,0.12096525950571849
tgcggtctcaataagtat,0.11726098204661572
gaagggcttacgatgaag,0.0060962945493839415
catagatcgggaaacagc,0.09285245520377335
tccaaggtcctagagtga,0.06355089923000218
agcacgaagtatttaaga,0.11266832502218979
cagactactgcagtacag,0.09988711393252925
taccgagtcggccaagtc,0.1908867357547867
gtttcagaaataccacgc,0.07407290689548127
atacttaaagaatttggg,0.01780598744201753
ctaggtactgcaacggac,0.23212207672494695
cctctagaaataacggac,0.09340495093655563
gtacagagcacgtggcag,0.0433322477728613
taatagccacgcacggac,0.11851685862114157
aagtatgccgttaattgg,0.1836470896519513
ttcgcacttacggcgaat,0.20476053838776057
ttcttgcttacgatactt,0.009605631736496437
gatcaagctgagatatac,0.2073153520333075
cagactcaccacacccaa,0.14149258518407068
ggccatgggatcgccaga,0.3144381762781604
gagtgaccgatggaaggg,0.10661012082688379
aaagaacagactgtggtg,0.09501202129248768
tgcggttgagacctaggt,0.29886232014040914
attagtccgatgggccat,0.12210409425755499
gactcggagtgatcagtg,0.027471193141073894
atagcgatataccaagtc,0.19130490120773883
aacagcctattacataga,0.11875142948141032
ctaggttatttctttggg,0.16949962854972267
gtcggcttgctcttcttg,0.11405920766881805
cgagcagatcaatagagg,0.07597586583963287
taataggtttcaagtaaa,0.30795481361128985
gggatccgttatgaaata,0.1108352146903123
cactgtaacgtggtacag,0.08322345502698546
agatgtgatcaagtttca,0.11258794110071717
gtcctacgcatacaccac,0.053303075894799046
cttgaacactgtaccttc,0.19812560931609696
tgaattattagtaccttc,0.12130855965678236
gagcttcgaaagactgca,0.11102123083042781
gcttgtccgtaacaccac,0.053755994088390456
caaccgagatgtgtcggc,0.020447195982570276
caggaggccagaattagt,0.16801204746097723
aagtatcaaccgtggcag,0.23023147447005082
taataggccgtttcggga,0.07531329294171576
gctcccatagcgcctcta,0.09443019805890687
ttgctcgagtgaacggac,0.2071314448274207
gccagagtcctagggatc,0.7635124325484949
ttcgcacggcgttcgcct,0.7855523196786849
ctaggtggccatatccgg,0.7379891222714923
gaagggagaccctgttcg,0.775090419023452
atagcgggccatttgctc,0.739598342124518
ggtaggcctctatgttcg,0.8294327341985337
agtaaaacaaggtgaatt,0.8093297368876108
cggcgtgaggccggtgct,0.8953581066380865
aagtattaccgatgttcg,0.7942975907013354
cttgaacggtccatactt,0.7572769165717786
cgcataatatacgctccc,0.7949605248199039
ttggatgaaataggacga,0.9273075187466917
caggagcgagcagttaac,0.913295062069368
gtacagcaaccggactcg,0.8730311179928839
atgaaggactcgggacga,0.9690121776287653
agtaaaaagtatggtagg,0.861730660306786
tgcggtcgaaagcggtcc,0.955122074673846
aagtataggttaggtgct,0.9646444645355283
acccaatgcggttctagc,0.8979462688418246
cgaaagcttacgggtgct,0.9064351520631794
ggtgctggccatttaaga,0.8505945354991089
gagcttccacgctctagc,0.822877831243105
gaggcccttacgcgaaag,0.9504913014975704
caccacgaggccgaaata,0.9692303826943048
cgagcagtacagcagact,0.8990945125362518
atactttagaggttaaga,0.9678303395472774
gccgtttgaatttcatca,0.904567072195711
cgcataaattgggccgtt,0.847397437649347
aacgtgcaagtcccgatg,0.8301875837627476
agcacgtcatcaaccttc,0.7725635440615812
ctaggttgtgtacataga,0.9735682362719245
tcatcatggcaggcgaat,0.9186681573646326
gaaggggcgaatctcaat,0.8868721274586862
gaaggggtcggcggacga,0.9243577159182518
atccggtggcagagaccc,0.928861318074011
ttgctcaattggccacgc,1.0
tgaattactgcataatag,0.6936268607030021
cactgttaagctgtccta,0.726213869505577
acccaacttacgccacgc,0.9494241388754412
gtggtgggacgaccacgc,0.8292517266770763
ttaagatcgcctgcgaat,0.8331651954353452
tgcggtaaagaagcttgt,0.9449664304154368
tttgggcctctactgtgg,0.8066114575294412
cttacgggtagggtggtg,0.9375345191244808
agatgttgttcgggtagg,0.9590109412285435
aggttacaaccgatagcg,0.9535336618160263
cactgtcactgtcaccac,0.9551647978883266
cggtccaagtatctatta,0.8563682584747302
atagcgacccaactatta,0.8648316440332567
gatcaatgctaagactcg,0.8280238999745393
agcacgttggatgaaata,0.9684136276715538
cggcgtaattggcagact,0.9431134162052697
cttgaattcttgggacga,0.9218781535515159
ggacgaggattgttcttg,0.8191789201005611
acccaaagatgtccgatg,0.7488148177954224
gtggtggaagggcactgt,0.9240739466740862
atagcgccgtaaatagcg,0.9764430516515454
cctctagccgttggccat,0.9725022135179318
ggtaggttcttgctatta,0.8501959901819564
tttggggaagggcttgaa,0.6986534200653702
gaagggggtagggcgaat,0.9355871020017467
ttcgcaaggttaggtgct,0.7984104273312483
caaccgacccaacggcgt,0.8472864641450488
atatacgctccccaagtc,0.6991315187960563
gccagactcaataggtta,0.6590218558326855
gcttgtctcaatgtttca,0.7996799122638601
tgtgtagtacagttcgca,0.8615349118683122
tcgccttaccgatcggga,0.970141877490175
aggttacatagagccaga,0.6427406547730226
cagactctcaatggattg,0.939027366870096
gcgcgggactcgcaccac,0.9143376439747058
gtttcacactgtttcttg,0.6993088102888421
tgctaagaggcccgagca,0.9076934879141473
gaaggggccagacagact,0.6796667570760793
gagtgaagtctgtggcag,0.888439822782858
gatcaaaggttatatttc,0.9542305271936057
caggagcctctataccga,0.9835314948424115
cttgaaggtaggcactgt,0.6675582705384923
ggtgcttaagcttaagct,0.8160991436150554
tgcggttaatagtggcag,0.8772411013377852
aagccacgttatttggat,0.805308419449192
gccgttgtggtgacaagg,0.6537653325518125
caaccgaacagcacggac,0.5630003569780913
tcgggatgcggtaattgg,0.9031363575942772
ccacgctgagaccaagtc,0.7983976368533585
caagtcagcacgctaggt,0.6947074379634314
ttggatggtgcttcatca,0.7348638714418295
gggatcctattaaagcca,0.6081933443615031
tctagccaagtctgagac,0.8147681814354042
gaggccgcgaatttcgca,0.5495431573481627
gatcaaagacccgtttca,0.3937820373744771
aagtatcactgtccgtaa,0.6255257871411906
tcatcacgcataatgaag,0.6682920425268517
catagatgctaacgagca,0.4952399073187486
gtcctacttgaactgtgg,0.8795474656698309
gtttcaaacagctgaatt,0.5206907119209243
taatagtaccgaaacgtg,0.5610331588499803
gcgaatgccgttcgcata,0.7701862779449417
cactgtcagactgctccc,0.7039328353155158
atagcgatccggttcttg,0.4292695279519377
atacttgggatcgtttca,0.34391210448501447
gtcggctgagactgcggt,0.8697729218738047
gaaataagatgtaaagaa,0.8089121662373705
ggccatctgtgggaaggg,0.8136533333048239
catagatcagtggagctt,0.7014333315907116
gttaactaagctcaagtc,0.5724383511442147
agcacgtgcggtcttgaa,0.5919980106473416
ttcttgcggcgttaagct,0.5358635325459947
gttaactttggggtttca,0.7750703145585497
ggtgctaacagcggattg,0.33175895130056826
atactttccaagaagcca,0.5826305650663856
aattggtgctaagcgcgg,0.7910624134121081
tcatcatcgcctttggat,0.6492608406012521
cgcatagcgaatcgttat,0.45756671711845565
aagccagtacagaattgg,0.42958137211231817
ttgctcttaagaggacga,0.6130094233993078
actgcaacccaaggtgct,0.24652572230526368
attagttgagacagaccc,0.34160201361462567
cagactttcgcacgagca,0.44698832874831773
tatttctcgccttgttcg,0.2229550291596426
caaccgtcgcctaacgtg,0.21007288930805212
aagccacctctaatgaag,0.8987164119113685
catagatgtgtaaaagaa,0.7228377795043515
tcagtgtcgcctgaaggg,0.3594696435218846
actgcatgttcgagcacg,0.4282305828505122
ttaagactaggtatgaag,0.22059995970335772
caagtcttggatcttacg,0.2382324961993333
aaagaaatatacttggat,0.3992200415837672
ggtaggttgctctcatca,0.38024146471418596
atataccaggagtaagct,0.3435362022574478
agtaaagtttcaatactt,0.33240008471361815
cgaaagggtgctttggat,0.2962794726872872
ctattaaccttcctaggt,0.3190179072030817
cactgtcctctaggccat,0.07755897326545715
ctaggtatacttaaagaa,0.36191530129045363
gcgaataggttatggcag,0.30366609703558656
gggatcgtttcacgttat,0.4181378610009914
cttacgggtaggatgaag,0.3545763130592954
ttcgcaatccgggactcg,0.2984002330446127
ttcttgcaggagatagcg,0.18978500548252109
agtaaagcgaatattagt,0.146313886737029
tccaagtctagcggacga,0.15823831204203548
ttggatccgtaaagcacg,0.06711102976345819
aagccagtggtgtgtgta,0.6505867032253932
taatagtcgggaaaagaa,0.16387978799774833
cggtcctttggggagtga,0.12860300248918238
agacccagcacgtcggga,0.832229553543941
cgaaagctgtggcggtcc,0.17129682123714007
gtcctaaaagaacgaaag,0.07164399900688011
aggttacgagcaccacgc,0.09781784082251056
cagactcactgtcttacg,0.36214574464044597
gaggccacggaccgagca,0.2257184311962711
ttggatcaccacagtctg,0.4031085090941754
gtggtgacaagggtggtg,0.7331167473842676
aagtattaagctctgtgg,0.15402969815131617
cctctaaggttaggccat,0.0910453157455932
tgagactgctaagatcaa,0.3225610174511358
tctagcgaggccaaagaa,0.08683939552263824
cgagcaatacttgcgaat,0.1575620045229535
taatagtatttcaacagc,0.1637037013705502
tgtgtaagcacgcttgaa,0.3215062806471786
taagctgccagactatta,0.24119158594547443
cgagcacatagaccgtaa,0.10768515511926664
agatgtcttacggggatc,0.2695680044769998
gagcttgccgtttcagtg,0.5850069388345392
attagtcctctatatttc,0.18571454167830714
cgaaagttggatgccgtt,0.1640015760717598
aattggtggcagtgaatt,0.021433225875630586
tcgcctttggatcttacg,0.26605919768893943
taagctgagcttctgtgg,0.27033303047324225
aaagaacggtccggtagg,0.19432159071721491
agtaaacgagcattcttg,0.19078999869229085
gcgcggatacttcttgaa,0.28696360513187974
gagcttcgcataagcacg,0.11875994463697583
cttgaagaagggaacgtg,0.07978245523746713
gagtgacaaccgacaagg,0.32364478532797264
aacagctagaggtctagc,0.08617885674454644
ttggatggtaggctcaat,0.1245035568661802
gagtgagttaacatactt,0.08470698840579315
gctgagggtaggcgagca,0.20525755656046107
tttgggatacttggccat,0.31404264864156045
atatacctattactgtgg,0.08559465372185658
agtctgttaagaaacagc,0.17396607390586513
caccacgaaatattgctc,0.09632339282282827
acggacgtggtgcataga,0.19383049869062224
atgaagccacgctaagct,0.1093334941673877
taatagttgctctgtgta,0.2607896114233895
tgagaccctctagatcaa,0.2812429554680972
ctaggttgttcgctaggt,0.3766551097327972
tagagggccagaattagt,0.1584256034414745
ctaggtcactgtccgtaa,0.17665211885159637
gatcaagcttgtcgttat,0.2221797979975607
ggattggatcaagagtga,0.009312322789102611
cactgttgcggtaattgg,0.4758239589172909
tctagcgatcaacactgt,0.15787534416731389
ggacgacgaaagactgca,0.11686201572186303
